CountryName,CountryCode,StartDate,EndDate,PolicyType,PolicyValue,Flag,InitialNote
Togo,TGO,20200306,20201214,H2: Testing policy,1,,"First case recorded in Togo - hence testing had commenced. Woman was symptomatic and deemed eligible. https://web.archive.org/web/20200618225616/https://www.aa.com.tr/en/africa/togo-confirms-1st-coronavirus-case/1757546"
Togo,TGO,20200316,20200716,C3: Cancel public events,2,1,"International public events are cancelled.   ""Annulation de tous les événements internationaux prévus au Togo pendant trois semaines, à compter de ce jour 16 mars 2020""  https://web.archive.org/web/20200615195439/https://covid19.gouv.tg/"
Togo,TGO,20200316,20211115,H1: Public information campaigns,2,1,"Directions about handwashing, social distancing etc on gov website.   ""Renforcement de la surveillance et des mesures individuelles et collectives de prévention et de protection: se laver les mains au savon, recourir au gel hydro-alcoolique, ne pas se serrer les mains en se saluant, éviter des accolades et des embrassades, etc""  https://web.archive.org/web/20200615195439/https://covid19.gouv.tg/"
Togo,TGO,20200319,20200828,C4: Restrictions on gatherings,2,1,"""Interdiction de tout rassemblement de plus de 100 personnes sur toute l’étendue du territoire nationale, pour un mois, à compter du jeudi 19 mars 2020 à minuit.""  https://web.archive.org/web/20200615195439/https://covid19.gouv.tg/"
Togo,TGO,20200320,20200607,C1: School closing,3,1,"Closure of all schools:  ""La fermeture immédiate de tous les établissements scolaires publics, privés et confessionnels, primaires, secondaires et universitaires pour une période de trois (03) semaines.""  https://web.archive.org/web/20200615195439/https://covid19.gouv.tg/"
Togo,TGO,20200320,20200928,C2: Workplace closing,2,1,"All nightclubs must close across the country, however other workplaces appear to remain open or just have reduced opening hours.   ""La fermeture immédiate des discothèques sur toute l’étendue du territoire national""https://web.archive.org/web/20200615195439/https://covid19.gouv.tg/"
Togo,TGO,20200320,20200401,C6: Stay at home requirements,1,1,"Recommendation to limit unnecessary travel.  https://web.archive.org/web/20200615195439/https://covid19.gouv.tg/"
Togo,TGO,20200320,20200801,C8: International travel controls,4,,"""As part of the measures envisaged by the government to prevent the spread of the coronavirus epidemic, the following additional measures have been taken:  The closure for two weeks, from this Friday March 20, 2020 at midnight of all the land borders of our country to passengers. This measure does not apply to the movement of goods.""    https://web.archive.org/web/20200615195439/https://covid19.gouv.tg/"
Togo,TGO,20200321,20200608,C7: Restrictions on internal movement,2,0,"Nationwide, citizens asked to 'limit unnecessary travel'. However, the government also announces ""the closure of certain towns, notably Lomé, Tsévié, Kpalimé and Sokodé, from Saturday March 21, 2020 at 6 a.m., with strict controls at the entrances at Tsévié on the national road N ° 1; from the toll of Aného on the national road N ° 2 and of Amoussou-Copé on the national road N ° 5"".     https://web.archive.org/web/20200615195439/https://covid19.gouv.tg/"
Togo,TGO,20200401,20200630,E2: Debt/contract relief,1,,"Free water and electricity for 3mths  ""Gratuité de l’eau et de l’électricité pour les tranches sociales pour 3 mois""  https://web.archive.org/web/20200615195439/https://covid19.gouv.tg/"
Togo,TGO,20200402,20200608,C6: Stay at home requirements,2,1,"""A state of emergency was declared on 2 April for 3 months and there is a curfew from 8 pm to 6am. An anti-pandemic special force has been put in place to police the curfew.""  https://web.archive.org/web/20200615193937/https://www.gov.uk/foreign-travel-advice/togo/staying-during-coronavirus  https://web.archive.org/web/20200615195439/https://covid19.gouv.tg/"
Togo,TGO,20200408,20210201,E1: Income support,1,1,"""Le Gouvernement lance « Novissi », un programme de transferts monétaires pour soutenir les populations les plus affectées par les mesures prises dans le cadre de la riposte nationale contre le coronavirus (COVID-19) au Togo.""  https://web.archive.org/web/20200615195439/https://covid19.gouv.tg/To support eligible Togolese citizens in the informal sector whose daily income has been disrupted by the Coronavirus crisis, the Government of Togo has set up the “NOVISSI” cash transfer scheme. NOVISSI provides monthly financial aid to the most vulnerable individuals and families throughout the duration of the state of health emergency.""https://web.archive.org/save/https://novissi.gouv.tg/en/home-new-en/"
Togo,TGO,20200420,20200605,H6: Facial Coverings,1,1,"Masks recommended for members of public and mandatory for health workers    https://web.archive.org/web/20201012151829/https://www.togofirst.com/en/health/2004-5377-coronavirus-from-now-on-all-health-workers-must-wear-face-masks  "
Togo,TGO,20200526,20200828,H3: Contact tracing,2,,"""To contain the spread of the coronavirus, Togolese authorities plan to test more people and actively monitor suspected cases. The information was recently given by the national coordination team for the Covid-19 response. According to the latter, Lomé’s strategy revolves around testing suspects, quarantining and treating them, and finally tracking them. ""  https://web.archive.org/web/20200618222912/https://www.togofirst.com/en/health/2605-5593-test-treat-track-togo-s-strategy-to-contain-the-covid-19-pandemic"
Togo,TGO,20200606,20201219,H6: Facial Coverings,3,1,"In Togo, authorities lifted the curfew set at the beginning of April 2020 to contain the spread of the Coronavirus. This was announced yesterday, June 6.     Subsequently, the lockdown measure imposed on towns has been lifted as well. However, starting today, June 9, 2020, it is compulsory for every citizen to wear face masks (the measure applied only to health agents previously).     https://web.archive.org/web/20201012152033/https://www.togofirst.com/en/health/0906-5681-covid-19-togo-lifts-curfew-and-makes-it-compulsory-for-all-to-wear-face-masks"
Togo,TGO,20200608,20201101,C1: School closing,2,1,"Plan to open for students to sit exams.   Le gouvernement togolais a annoncé vendredi que les écoles et les établissements d’enseignement secondaires seront de nouveau ouverts à compter du lundi 08 juin pour accueillir les classes d’examens uniquement.  https://web.archive.org/web/20200615222428/https://www.aa.com.tr/fr/afrique/togo-r%C3%A9ouverture-des-%C3%A9coles-pour-les-classes-d-examen-%C3%A0-partir-de-lundi/1867519"
Togo,TGO,20200609,20200828,C6: Stay at home requirements,0,,"The Government announced on June 8 that the curfew would be completely lifted on June 9, with masks becoming compulsory.  https://web.archive.org/web/20200716094521/https://covid19.gouv.tg/"
Togo,TGO,20200609,20200828,C7: Restrictions on internal movement,0,,"Government announces the ""lifting of the closure of the towns initially concerned"", alongside the curfew being lifted.    https://web.archive.org/web/20200716094521/https://covid19.gouv.tg/"
Togo,TGO,20200701,20200928,E2: Debt/contract relief,0,,"Free water and electricity provision to certain social groups was announced for 3 months starting 1 April. I cannot find any source of that being extended. There is no mention of it in the government's official covid-19 website, or in recent news.  https://web.archive.org/web/20200716094521/https://covid19.gouv.tg/"
Togo,TGO,20200717,20200817,C3: Cancel public events,2,0,"The government has authorised the reopening of worship places starting from July 17.     https://web.archive.org/web/20200724102048/https://www.republiquetogolaise.com/culture/2007-4500-reouverture-partielle-effective-des-lieux-de-cultes"
Togo,TGO,20200802,20200828,C8: International travel controls,2,,"Ethiopian Airlines, Air France, Brussels Airlines, and ASKY have resumed most routine flights to and from Lome International Airport as of the week of August 2, 2020. If travellers arrive on an international flight, they are expected to spend one to two days under personal quarantine at a hotel or private residence in Lome. After this period and subject to the result of the test, travellers will be required to quarantine for 14 to 21 days. However, land crossings are still closed.  Please see: https://web.archive.org/web/20200821124511/https://tg.usembassy.gov/u-s-citizen-services/security-and-travel-information/covid-19/"
Togo,TGO,20200818,20200828,C3: Cancel public events,2,1,"Public Events and gathering restrictions remain in place despite lifting other lockdown restrictions. Only religious gatherings are allowed to open. However, this does not apply to all religious gatherings.   https://web.archive.org/web/20200724102048/https://www.republiquetogolaise.com/culture/2007-4500-reouverture-partielle-effective-des-lieux-de-cultes  https://web.archive.org/web/20200817204736/https://www.worldaware.com/covid-19-alert-togo-eases-restrictions-june-9-border-closures-remain"
Togo,TGO,20200829,20201219,C3: Cancel public events,1,1,"""La prise de la Pierre Sacrée, édition 2020 annulée  Publié le mercredi, 09 septembre 2020 11:55     (Togo Officiel) - Initialement prévue pour ce jeudi 10 septembre, « la cérémonie de la 357ème édition de la prise de la Pierre Sacrée de cette année 2020 n’aura pas lieu ». C’est ce qu’a annoncé le Trône royal de Glidji (préfecture des Lacs), autorité organisatrice de l’évènement.    La décision est prise en respect aux directives gouvernementales concernant les fêtes traditionnelles, et afin d’éviter la contamination à grande échelle de la population dans l’espace Guin, comme cela a pu être observé dans d’autres localités où se sont déroulées des festivités traditionnelles et culturelles.    Un bouclage préventif de la préfecture avait été également annoncé, toujours afin de limiter au mieux la propagation.    Lire aussi  ""  Source: http://web.archive.org/web/20200913233222/https://www.republiquetogolaise.com/culture/0909-4619-la-prise-de-la-pierre-sacree-edition-2020-annulee"
Togo,TGO,20200829,20210111,C4: Restrictions on gatherings,3,1,"""Last Updated: 09/04/2020  While numbers of COVID-19 cases remain relatively low in Togo, the country extended its state of emergency for the second time, until Sept. 15. Borders are closed, public meetings of more than 15 people are banned, and schools are closed except for certain grades in which exams are mandatory. Masks are required in public. Churches are partially opened.""    Source: http://web.archive.org/web/20200913233915/https://www.compassion.com/crisis/covid-19/togo-covid19.htm"
Togo,TGO,20200829,20201116,C6: Stay at home requirements,1,1,"Is a curfew in place? [Yes]    On July 9, the Government lifted the curfew that was put in place on April 1.    Source: Covid-19.gouv  Are there restrictions on intercity or interstate travel? [Yes]    On August 24, the Government of Togo imposed a curfew in Sokodé (211 miles north of Lomé) and in the neighboring cities of Tchamba (19 miles east of Sokodé) and Adjengré (27 miles south). These measures are intended to limit a possible spread of COVID-19 cases in those locations following an increase in cases there. All land border crossings with Ghana, Burkina Faso and Benin remain closed. If you reside outside of Togo in West Africa,  please contact the U.S. Embassy in your country for assistance. For a detailed list of the flights available in country, visit our COVID-19 page.    Source: http://web.archive.org/web/20200913222242/https://tg.usembassy.gov/u-s-citizen-services/security-and-travel-information/covid-19/"
Togo,TGO,20200829,20200928,C7: Restrictions on internal movement,1,0,"""Is public transportation operating? [Yes]""     ""Is a curfew in place? [Yes]    On July 9, the Government lifted the curfew that was put in place on April 1.    Source: Covid-19.gouv  Are there restrictions on intercity or interstate travel? [Yes]    On August 24, the Government of Togo imposed a curfew in Sokodé (211 miles north of Lomé) and in the neighboring cities of Tchamba (19 miles east of Sokodé) and Adjengré (27 miles south). These measures are intended to limit a possible spread of COVID-19 cases in those locations following an increase in cases there. All land border crossings with Ghana, Burkina Faso and Benin remain closed. If you reside outside of Togo in West Africa,  please contact the U.S. Embassy in your country for assistance. For a detailed list of the flights available in country, visit our COVID-19 page.""    Source: http://web.archive.org/web/20200913222242/https://tg.usembassy.gov/u-s-citizen-services/security-and-travel-information/covid-19/"
Togo,TGO,20200829,20200928,C8: International travel controls,1,,"""Are commercial flights operating? [Yes]""    ""Are U.S. citizens required to quarantine? [Yes]    You should expect to spend one to two days under personal quarantine at a hotel or private residence in Lomé. You should limit your contact with anyone during this time. After this period, if it is determined by the Togo Ministry of Health from your nasal swab that you may have COVID-19, you will be required to quarantine for 14 to 21 days at the Eda-Oba Hotel in Lomé at your own expense until being cleared by the Ministry of Health to resume your activities in Togo.    The U.S. Embassy in Lomé will not intervene in a Togo required quarantine unless the quarantine exceeds 21 days and you have submitted to at least three nasal swab tests during quarantine.""    Source: http://web.archive.org/web/20200913222242/https://tg.usembassy.gov/u-s-citizen-services/security-and-travel-information/covid-19/"
Togo,TGO,20200829,20201116,H3: Contact tracing,1,,"""Upon arrival at Lomé, travelers should also be prepared to install the contact tracing mobile application TOGO SAFE, and keep it activated for the duration of their stay or at least 30 days from their arrival in Togo.""    Source: http://web.archive.org/web/20200913222242/https://tg.usembassy.gov/u-s-citizen-services/security-and-travel-information/covid-19/"
Togo,TGO,20200929,20201116,C2: Workplace closing,1,1,"Working hours are from 8:00am - 4:00pm until further notice.    https://web.archive.org/web/20201015101141/https://www.gov.uk/foreign-travel-advice/togo/coronavirus  "
Togo,TGO,20200929,20210111,C5: Close public transport,1,1,"Is public transportation operating? [Yes]  Services continue with reduced passengers. All moto-taxis and their passengers must wear face masks per government decree    https://web.archive.org/web/20201015075535/https://tg.usembassy.gov/u-s-citizen-services/security-and-travel-information/covid-19/"
Togo,TGO,20200929,20210201,C7: Restrictions on internal movement,2,0,"Is a curfew in place? [Yes]  Are there restrictions on intercity or interstate travel? [Yes]  As part of the monitoring of the evolution of the COVID-19 pandemic, in response to the Coronavirus, the Government of Togo has been observing a worrying increase in new cases of coronavirus infection throughout the country for several weeks, particularly in the following towns: Sokodé, Tchamba and Adjengré.  Having noted that the infected persons have had many contacts, and in order to prevent this spread from increasing further in the populations of these localities and throughout the country, the government has decided the following as of August 25, 2020:  1- The closure of the cities of: Sokodé, Tchamba and Adjengre.  2- The establishment of a curfew from 21.00 to 5.00 in the prefectures of Tchaoudjo, Tchamba and Sotouboua.  All land border crossings with Ghana, Burkina Faso and Benin remain closed. If you reside outside of Togo in West Africa,  please contact the U.S. Embassy in your country for assistance. For a detailed list of the flights available in country, visit our COVID-19 page.    https://web.archive.org/web/20201015075535/https://tg.usembassy.gov/u-s-citizen-services/security-and-travel-information/covid-19/"
Togo,TGO,20200929,20210111,C8: International travel controls,2,,"Are U.S. citizens required to quarantine? [Yes]  You should expect to spend one to two days under personal quarantine at a hotel or private residence in Lomé. You should limit your contact with anyone during this time. After this period, if it is determined by the Togo Ministry of Health from your nasal swab that you may have COVID-19, you will be required to quarantine for 14 to 21 days at the Eda-Oba Hotel in Lomé at your own expense until being cleared by the Ministry of Health to resume your activities in Togo.  The U.S. Embassy in Lomé will not intervene in a Togo required quarantine unless the quarantine exceeds 21 days and you have submitted to at least three nasal swab tests during quarantine    https://web.archive.org/web/20201015075535/https://tg.usembassy.gov/u-s-citizen-services/security-and-travel-information/covid-19/"
Togo,TGO,20200929,20210201,E2: Debt/contract relief,2,,"The Government subsidized water and electricity use for groups paying social tariffs for three months. The total cost is estimated at CFAF 3.8 billion ($6 million; 0.1 percent of GDP).  The Government did also subsidize water and electricity use for groups paying social tariffs for three months. The total cost is estimated at CFAF 3.8 billion ($6 million; 0.1 percent of GDP).    https://web.archive.org/web/20201015095720/https://www.imf.org/en/Topics/imf-and-covid19/Policy-Responses-to-COVID-19"
Togo,TGO,20201102,20210111,C1: School closing,1,1,"School re-opening was scheduled for 26 October, but postponed until 2 November. Schools have re-opened, however, precautions remain in place (therefore: 1G).  https://web.archive.org/web/20201024135007/https://www.panapress.com/Coronavirus-Start-of-school-year-a_630665158-lang2.html"
Togo,TGO,20201117,20210111,C2: Workplace closing,2,1,"Restaurants, bars, night clubs, are open and expected to follow social distancing and hygiene guidelines.Stores and markets remain open. Cultural Centers present a reduced number of activities. ***Most religious services and churches remain closed***, a small number are open on a trial basis.  http://web.archive.org/web/20201129090128/https://tg.usembassy.gov/u-s-citizen-services/security-and-travel-information/covid-19/"
Togo,TGO,20201117,20201207,C6: Stay at home requirements,0,,"As per this page last updated on 6 Aug, ""Togo has lifted stay at home orders""  http://web.archive.org/web/20201129094706/https://travel.state.gov/content/travel/en/traveladvisories/traveladvisories/togo-travel-advisory.html"
Togo,TGO,20201117,20201117,H3: Contact tracing,0,,"No data was gathered from the dedicated webpage related to contact tracing. Please see: https://web.archive.org/web/20201130192430/https://covid19.gouv.tg/"
Togo,TGO,20201118,20210111,H3: Contact tracing,1,,"There is some evidence of contact tracing. Please see: https://web.archive.org/web/20201119180904/https://covid19.gouv.tg/"
Togo,TGO,20201207,20210103,H8: Protection of elderly people,2,0,"the government has decided the following as of August 25, 2020:  1- The closure of the cities of: Sokodé, Tchamba and Adjengre.  2- The establishment of a curfew from 21.00 to 5.00 in the prefectures of Tchaoudjo, Tchamba and Sotouboua. This translates to some measure of protection for the elderly.   Please see: https://web.archive.org/web/20201208102716/https://www.imf.org/en/Topics/imf-and-covid19/Policy-Responses-to-COVID-19#T"
Togo,TGO,20201208,20210103,C6: Stay at home requirements,2,0,"the government has decided the following as of August 25, 2020:  1- The closure of the cities of: Sokodé, Tchamba and Adjengre.  2- The establishment of a curfew from 21.00 to 5.00 in the prefectures of Tchaoudjo, Tchamba and Sotouboua.  Please see: https://web.archive.org/web/20201208102716/https://www.imf.org/en/Topics/imf-and-covid19/Policy-Responses-to-COVID-19#T"
Togo,TGO,20201215,20210802,H2: Testing policy,2,,"Coding to a 2 due to the USB Embassy calling out that both testing may be required.  -------------  https://web.archive.org/web/20201220182702/https://tg.usembassy.gov/u-s-citizen-services/security-and-travel-information/covid-19/  https://web.archive.org/web/20200618222912/https://www.togofirst.com/en/health/2605-5593-test-treat-track-togo-s-strategy-to-contain-the-covid-19-pandemic  https://web.archive.org/web/20201015101141/https://www.gov.uk/foreign-travel-advice/togo/coronavirus  https://web.archive.org/web/20201220182702/https://tg.usembassy.gov/u-s-citizen-services/security-and-travel-information/covid-19/"
Togo,TGO,20201220,20210111,C3: Cancel public events,2,1,"Per the US Embassy in Togo, ""Cultural and commercial events (shows, advertising events) and celebrations (weddings, baptisms, etc.) are prohibited from December 20th through January 3rd. Celebrations of worship are banned except one day per week (Friday for Muslims and Sunday for Christians) from December 20th to January 3rd.  Celebrations are permitted on December 24th, 25th, 31st and January 1st in strict compliance with the measures and curfew schedules. In Lomé, these are permitted only in places of worship previously authorized to open."" - https://web.archive.org/web/20210104223511/https://tg.usembassy.gov/u-s-citizen-services/security-and-travel-information/covid-19/"
Togo,TGO,20201220,20210412,H6: Facial Coverings,4,1,"Per the US Embassy in Togo, ""Everyone must adhere to the barrier measures such as hand washing, masking and distancing – at all times and in all places"" https://web.archive.org/web/20210104223511/https://tg.usembassy.gov/u-s-citizen-services/security-and-travel-information/covid-19/"
Togo,TGO,20210104,20210228,C6: Stay at home requirements,0,,"Curfew to end on 3 Jan    Per the US Embassy in Togo, ""In Lomé, a nightly curfew (from 22:00 to 05:00) will be effective as of Sunday, December 20th through Sunday, January 3rd.  Exceptions will be on December 24th, 25th, and 31st when the curfew will start at 23:00. Outside of Lomé, in the rest of the Republic of Togo, the curfew will take place on December 24th, 25th and 31st and on the 1st of January 2021 from 23:00 to 05:00"" - https://web.archive.org/web/20210104223511/https://tg.usembassy.gov/u-s-citizen-services/security-and-travel-information/covid-19/"
Togo,TGO,20210104,20210828,H8: Protection of elderly people,0,,"Curfew to end on 3 Jan    Per the US Embassy in Togo, ""In Lomé, a nightly curfew (from 22:00 to 05:00) will be effective as of Sunday, December 20th through Sunday, January 3rd.  Exceptions will be on December 24th, 25th, and 31st when the curfew will start at 23:00. Outside of Lomé, in the rest of the Republic of Togo, the curfew will take place on December 24th, 25th and 31st and on the 1st of January 2021 from 23:00 to 05:00"" - https://web.archive.org/web/20210104223511/https://tg.usembassy.gov/u-s-citizen-services/security-and-travel-information/covid-19/"
Togo,TGO,20210112,20210201,C1: School closing,0,,"Schools are open for International primary & secondary schools.  Local schools present some difficulties in reopening, however according to UNESCO's site as of 01/24/2021 all schools in TOGO are open.    /web/20210124203924/https://tg.usembassy.gov/u-s-citizen-services/security-and-travel-information/covid-19/"
Togo,TGO,20210112,20210307,C2: Workplace closing,0,,"All business are open as long as all social distancing mandates are followed.    NOTE:  Some cultural centers and also some religious sites remain closed, with cavoites for a small number on a trial bases as of 01/19/21.    /web/20210124203924/https://tg.usembassy.gov/u-s-citizen-services/security-and-travel-information/covid-19/"
Togo,TGO,20210112,20210201,C3: Cancel public events,2,0,"Cultural centers must reduce number of activities and most religious services and churches remain closed.    NOTE:  Some cultural centers and also some religious sites remain closed, with cavoites for a small number on a trial bases as of 01/19/21.    /web/20210124203924/https://tg.usembassy.gov/u-s-citizen-services/security-and-travel-information/covid-19/"
Togo,TGO,20210112,20210201,C4: Restrictions on gatherings,3,0,"Restrictions are placed on business as they have to follow social distancing guidelines, and also churches are mostly closed except for the small number that are open on a trial bases as of 01.19.2021   /web/20210124203924/https://tg.usembassy.gov/u-s-citizen-services/security-and-travel-information/covid-19/  Confirmed that gatherings limited to less than 100 people.  https://web.archive.org/web/20210124203202/https://www.imf.org/en/Topics/imf-and-covid19/Policy-Responses-to-COVID-19"
Togo,TGO,20210112,20210201,C5: Close public transport,0,,"No measures for closing public transportation, however they have instituted airline schedules per days of the week as specified on the Embassy's site below.  All public transpiration is open and operating at a reduced compacity, face coverings are required.    /web/20210124203924/https://tg.usembassy.gov/u-s-citizen-services/security-and-travel-information/covid-19/"
Togo,TGO,20210112,20210201,C8: International travel controls,1,,"I chose screening although it is more of tracking via TOGO app which was referenced on the US Embassy Site - They have a contact tracking app that is for residents and travelers alike.    /web/20210124203924/https://tg.usembassy.gov/u-s-citizen-services/security-and-travel-information/covid-19/  https://web.archive.org/web/20210124212943/https://togosafe.gouv.tg/en/home/"
Togo,TGO,20210112,20211115,H3: Contact tracing,2,,"They appear to have an an app that can track residents as well as inbound travelers.  Travelers can avoid quarantine by using the app and supplying a negative test sample.   /web/20210124203924/https://tg.usembassy.gov/u-s-citizen-services/security-and-travel-information/covid-19/  information/covid-19/  IMF Policy Response:  https://web.archive.org/web/20210124213332/https://www.imf.org/en/Topics/imf-and-covid19/Policy-Responses-to-COVID-19  TOGO Covid Website:  https://web.archive.org/web/20210108182326/https://covid19.gouv.tg/#website  TOGO Covid Tracking/Contact Tracing Apps:  https://web.archive.org/web/20210124212943/https://togosafe.gouv.tg/en/home/"
Togo,TGO,20210202,20210209,C1: School closing,1,1,"International primary and secondary schools are open, while local schools present some difficulties in reopening. Reasonable to assume that they are following social distancing measures/safety precautions (mask wearing, especially since this is mandated across the country). See https://web.archive.org/web/20210209062627/https://tg.usembassy.gov/u-s-citizen-services/security-and-travel-information/covid-19/"
Togo,TGO,20210202,20210209,C3: Cancel public events,2,1,"All sport or cultural events have been adjourned. Cultural Centres present a reduced number of activities. Most religious services and churches remain closed, a small number are open on a trial basis.See https://web.archive.org/web/20210209063334/https://www.imf.org/en/Topics/imf-and-covid19/Policy-Responses-to-COVID-19. See also https://web.archive.org/web/20210209062627/https://tg.usembassy.gov/u-s-citizen-services/security-and-travel-information/covid-19/"
Togo,TGO,20210202,20210221,C4: Restrictions on gatherings,3,1,"Gatherings of more than 100 people are banned. See https://web.archive.org/web/20210209063334/https://www.imf.org/en/Topics/imf-and-covid19/Policy-Responses-to-COVID-19"
Togo,TGO,20210202,20210209,C5: Close public transport,1,1,"Public transport operating with reduced passengers. All motor-taxis and their passengers must wear face masks per government decree. See https://web.archive.org/web/20210209062627/https://tg.usembassy.gov/u-s-citizen-services/security-and-travel-information/covid-19/"
Togo,TGO,20210202,20210209,C7: Restrictions on internal movement,0,,"No measures evident, but there was a nightly curfew was imposed in the northern and central regions in January 2021. See https://web.archive.org/web/20210209062627/https://tg.usembassy.gov/u-s-citizen-services/security-and-travel-information/covid-19/. See also https://web.archive.org/web/20210209063334/https://www.imf.org/en/Topics/imf-and-covid19/Policy-Responses-to-COVID-19"
Togo,TGO,20210202,20210209,C8: International travel controls,2,,"Negative PCR test required and some passengers, like those coming from the US, should expect to be placed in quarantine. See https://web.archive.org/web/20210209062627/https://tg.usembassy.gov/u-s-citizen-services/security-and-travel-information/covid-19/"
Togo,TGO,20210202,20210209,E1: Income support,0,,"No indication that measures were extended to 2021. For example, the last time that the Novissi - cash transfer programme launched in April - was revised was in June 2020. See: https://web.archive.org/web/20210209063334/https://www.imf.org/en/Topics/imf-and-covid19/Policy-Responses-to-COVID-19"
Togo,TGO,20210202,20210209,E2: Debt/contract relief,0,,"No indication that the measures were extended to 2021. For example, the Government did subsidise water and electricity use for groups paying social tariffs, but this was only for three months in 2020. See: https://web.archive.org/web/20210209063334/https://www.imf.org/en/Topics/imf-and-covid19/Policy-Responses-to-COVID-19"
Togo,TGO,20210210,20210228,C1: School closing,0,,"Per the guidelines it appears there are no manditory or official guidelines that say schools should be closed.  It appears urban schools are open however rural schools can open but appear to be having issues with reopening.  - https://web.archive.org/web/20210220172231/https://tg.usembassy.gov/u-s-citizen-services/security-and-travel-information/covid-19/  - https://web.archive.org/web/20210104230410/https://www.gov.uk/foreign-travel-advice/togo  - https://web.archive.org/web/20210221170510/https://www.imf.org/en/Topics/imf-and-covid19/Policy-Responses-to-COVID-19"
Togo,TGO,20210210,20210228,C3: Cancel public events,0,,"Everything seems to indicate that everything is opening or on the way to opening as long as social distancing and mask wearing guidelines are followed.  - https://web.archive.org/web/20210220172231/https://tg.usembassy.gov/u-s-citizen-services/security-and-travel-information/covid-19/  - https://web.archive.org/web/20210104230410/https://www.gov.uk/foreign-travel-advice/togo  - https://web.archive.org/web/20210221170510/https://www.imf.org/en/Topics/imf-and-covid19/Policy-Responses-to-COVID-19"
Togo,TGO,20210210,,C5: Close public transport,0,,"All public transportation appears to be open as long as, mask wearing and social distancing guidelines must be followed.  - https://web.archive.org/web/20210220172231/https://tg.usembassy.gov/u-s-citizen-services/security-and-travel-information/covid-19/  - https://web.archive.org/web/20210104230410/https://www.gov.uk/foreign-travel-advice/togo  - https://web.archive.org/web/20210221170510/https://www.imf.org/en/Topics/imf-and-covid19/Policy-Responses-to-COVID-19"
Togo,TGO,20210210,20210228,C7: Restrictions on internal movement,2,0,"As of January 17th there is a curfew in place by the GOT in the Savanes prefectures of Tone, Kpendjal, West Kpendjal, and Tanjouare remain in effect with no end date.  - https://web.archive.org/web/20210220172231/https://tg.usembassy.gov/u-s-citizen-services/security-and-travel-information/covid-19/  - https://web.archive.org/web/20210104230410/https://www.gov.uk/foreign-travel-advice/togo  - https://web.archive.org/web/20210221170510/https://www.imf.org/en/Topics/imf-and-covid19/Policy-Responses-to-COVID-19"
Togo,TGO,20210210,20210228,C8: International travel controls,1,,"Passenger's must have a negative COVID test.  - https://web.archive.org/web/20210220172231/https://tg.usembassy.gov/u-s-citizen-services/security-and-travel-information/covid-19/  - https://web.archive.org/web/20210104230410/https://www.gov.uk/foreign-travel-advice/togo  - https://web.archive.org/web/20210221170510/https://www.imf.org/en/Topics/imf-and-covid19/Policy-Responses-to-COVID-19"
Togo,TGO,20210210,20210314,E1: Income support,2,1,"It appears according to IMF that informal workers could receive up to 30% of the minimum wage.  Additionally there appears to be subsidized water and electricity.  Suspending taxes for some private sector business.  https://web.archive.org/web/20210221170510/https://www.imf.org/en/Topics/imf-and-covid19/Policy-Responses-to-COVID-19  "
Togo,TGO,20210210,20211115,E2: Debt/contract relief,2,,"There are plans in place for suspending taxes and also allowing for flexible payments.  https://web.archive.org/web/20210221170510/https://www.imf.org/en/Topics/imf-and-covid19/Policy-Responses-to-COVID-19"
Togo,TGO,20210222,20210228,C4: Restrictions on gatherings,0,,"I am unable to find data that would limit the size of gatherings, as long as the gatherings are following social distancing and hygiene guidelines.  It does look like there maybe restrictions on religious services but those are opening now as well.  ---------  https://web.archive.org/web/20210228210941/https://tg.usembassy.gov/u-s-citizen-services/security-and-travel-information/covid-19/  https://web.archive.org/web/20210228211004/https://www.gov.uk/world/togo  https://web.archive.org/web/20210228191206/https://www.imf.org/en/Topics/imf-and-covid19/Policy-Responses-to-COVID-19"
Togo,TGO,20210301,20210314,C1: School closing,2,0,"It appears that International Schools are open, however local schools remain closed or are having issue re-opening.  And the IMF site is calling out that schools are closed.    -----------  https://web.archive.org/web/20210307142041/https://tg.usembassy.gov/u-s-citizen-services/security-and-travel-information/covid-19/  https://web.archive.org/web/20210107180846/https://www.gov.uk/foreign-travel-advice/togo/coronavirus  https://web.archive.org/web/20210307133630/https://www.imf.org/en/Topics/imf-and-covid19/Policy-Responses-to-COVID-19  https://web.archive.org/web/20210307142830/https://covid19.gouv.tg/situation-au-togo/"
Togo,TGO,20210301,20210412,C3: Cancel public events,2,1,"Per IMF Policy update - it appears that all public events have been canceled, sport or cultural events remain adjourned. The state of health emergency declared by the National Assembly in April 2020 has been extended through March 15, 2021, but a further extension is under discussion.  ---------  -----------  https://web.archive.org/web/20210307142041/https://tg.usembassy.gov/u-s-citizen-services/security-and-travel-information/covid-19/  https://web.archive.org/web/20210107180846/https://www.gov.uk/foreign-travel-advice/togo/coronavirus  https://web.archive.org/web/20210307133630/https://www.imf.org/en/Topics/imf-and-covid19/Policy-Responses-to-COVID-19  https://web.archive.org/web/20210307142830/https://covid19.gouv.tg/situation-au-togo/"
Togo,TGO,20210301,20210412,C4: Restrictions on gatherings,3,1,"Per IMF Policy update - gatherings of more than 100 people are banned.  -----------  https://web.archive.org/web/20210307142041/https://tg.usembassy.gov/u-s-citizen-services/security-and-travel-information/covid-19/  https://web.archive.org/web/20210107180846/https://www.gov.uk/foreign-travel-advice/togo/coronavirus  https://web.archive.org/web/20210307133630/https://www.imf.org/en/Topics/imf-and-covid19/Policy-Responses-to-COVID-19  https://web.archive.org/web/20210307142830/https://covid19.gouv.tg/situation-au-togo/"
Togo,TGO,20210301,20210913,C6: Stay at home requirements,1,1,"I was unable to find any data that would support a requirement to stay home, however there is a state of health emergency and with the working hours being dictated, changing to Recommended staying home based on that evidence.  -----------  https://web.archive.org/web/20210307142041/https://tg.usembassy.gov/u-s-citizen-services/security-and-travel-information/covid-19/  https://web.archive.org/web/20210107180846/https://www.gov.uk/foreign-travel-advice/togo/coronavirus  https://web.archive.org/web/20210307133630/https://www.imf.org/en/Topics/imf-and-covid19/Policy-Responses-to-COVID-19  https://web.archive.org/web/20210307142830/https://covid19.gouv.tg/situation-au-togo/"
Togo,TGO,20210301,20210328,C7: Restrictions on internal movement,2,1,"There is a curfew and a mandate for working hours - It appears that internal movements are being restricted.  Curfew is Savanes prefectures of Tone, Kpendjal, West Kpendjal, and Tanjouare.   -----------  https://web.archive.org/web/20210307142041/https://tg.usembassy.gov/u-s-citizen-services/security-and-travel-information/covid-19/  https://web.archive.org/web/20210107180846/https://www.gov.uk/foreign-travel-advice/togo/coronavirus  https://web.archive.org/web/20210307133630/https://www.imf.org/en/Topics/imf-and-covid19/Policy-Responses-to-COVID-19  https://web.archive.org/web/20210307142830/https://covid19.gouv.tg/situation-au-togo/"
Togo,TGO,20210301,20210502,C8: International travel controls,4,,"All land border crossings with Ghana, Burkina Faso and Benin remain closed.  -----------  https://web.archive.org/web/20210307142041/https://tg.usembassy.gov/u-s-citizen-services/security-and-travel-information/covid-19/  https://web.archive.org/web/20210107180846/https://www.gov.uk/foreign-travel-advice/togo/coronavirus  https://web.archive.org/web/20210307133630/https://www.imf.org/en/Topics/imf-and-covid19/Policy-Responses-to-COVID-19  https://web.archive.org/web/20210307142830/https://covid19.gouv.tg/situation-au-togo/"
Togo,TGO,20210308,20210802,C2: Workplace closing,2,0,"Most religious services and churches are closed as well as Cultural Centers operating at reduced numbers state of health emergency declared by the National Assembly in April 2020 has been extended through March 15, 2021, but a further extension is under discussion.  Per the UK Embassy site Working hours are from 8am - 4pm until further notice.  ------------  https://web.archive.org/web/20210314170336/https://tg.usembassy.gov/u-s-citizen-services/security-and-travel-information/covid-19/  https://web.archive.org/web/20210314160321/https://www.imf.org/en/Topics/imf-and-covid19/Policy-Responses-to-COVID-19  https://web.archive.org/web/20210314171356/https://www.gov.uk/foreign-travel-advice/togo/coronavirus  https://web.archive.org/web/20210314171352/https://covid19.gouv.tg/"
Togo,TGO,20210308,20210314,H7: Vaccination policy,2,1,"Currently it looks like healthcare works and people over 50 are the initial target groups for the AstraZeneca vaccine.  ""A,C:"" -------------- https://web.archive.org/web/20210314170501/https://medafricatimes.com/22738-togo-launches-its-vaccination-campaign-against-covid-19.html https://web.archive.org/web/20210314170421/http://www.xinhuanet.com/english/africa/2021-03/10/c_139800489.htm"
Togo,TGO,20210310,20210608,V1: Vaccine Prioritisation,6964,,"*staff of COVID-19 treatment centers;  *staff of COVID-19 diagnostic laboratories;  *surveillance and investigative staff;  *staff of public, denominational and private health structures;  *nursing staff of the Togolese Armed Forces (FAT);  *nursing staff in companies;  *staff of pharmacies;  *staff at entry points (airport, port, etc.);  *Community health workers;  *Learners from health training schools.  *People aged 50 and over;  *People aged 20 to 50 who have chronic conditions and other risk factors that put them at a higher risk of death;  *People aged 20 to 50;  *Detained, displaced / refugees    http://web.archive.org/web/20211025115105/https://vaccin.covid19.gouv.tg/strategie-vaccinale/"
Togo,TGO,20210310,20210402,V2: Vaccine Availability,8317,,"Vaccination schedule    March 10, 2021---Official launch of the vaccination campaign.  March 11 to 17, 2021---Vaccination of the medical profession, first dose.  March 15, 2021---Launch of vaccination for populations over 50 in Grand-Lomé.    http://web.archive.org/web/20211025115105/https://vaccin.covid19.gouv.tg/strategie-vaccinale/    http://web.archive.org/web/20211025121837/https://graphics.reuters.com/world-coronavirus-tracker-and-maps/vaccination-rollout-and-access/"
Togo,TGO,20210310,20210402,V3: Vaccine Financial Support,8317,,"As of 9 September, Togo has received a total of 1,629,390 doses of vaccine through various schemes and donations from bilateral partners  http://web.archive.org/web/20211025123527/https://www.gavi.org/vaccineswork/togo-leads-way-covid-19-vaccine-roll-out"
Togo,TGO,20210315,20210328,C1: School closing,2,1,"IMF is listing schools as closed, however the embassy is stating that Internal primary and secondary schools are open.  Local schools are resenting difficulties in reopening.  I am unsure what the difficulties are.    -----------  https://web.archive.org/web/20210328131939/https://www.imf.org/en/Topics/imf-and-covid19/Policy-Responses-to-COVID-19  https://web.archive.org/web/20210328144309/https://tg.usembassy.gov/u-s-citizen-services/security-and-travel-information/covid-19/  https://web.archive.org/web/20210328144337/https://www.gov.uk/foreign-travel-advice/togo/coronavirus  https://web.archive.org/web/20210328144505/https://africaworldnewspaper.com/togogovernment-to-impose-new-curfew-if-covid-19-cases-continues-to-rise/"
Togo,TGO,20210315,20210802,E1: Income support,1,1,"In April 2020 eligible applicants can receive a state grant of at least 30% of the minimum wage with a payout of $18 to $34.  The government is also subsidizing water and electricity use for groups paying social tariffs for three months.    -----------  https://web.archive.org/web/20210328131939/https://www.imf.org/en/Topics/imf-and-covid19/Policy-Responses-to-COVID-19  https://web.archive.org/web/20210328144309/https://tg.usembassy.gov/u-s-citizen-services/security-and-travel-information/covid-19/  https://web.archive.org/web/20210328144337/https://www.gov.uk/foreign-travel-advice/togo/coronavirus  https://web.archive.org/web/20210328144505/https://africaworldnewspaper.com/togogovernment-to-impose-new-curfew-if-covid-19-cases-continues-to-rise/"
Togo,TGO,20210315,20210328,H7: Vaccination policy,1,1,"All healthcare workers along with Teachers and Students will be vaccinated first.  ""A:""  -----------  https://web.archive.org/web/20210328151746/https://medafricatimes.com/22738-togo-launches-its-vaccination-campaign-against-covid-19.html  https://web.archive.org/web/20210328131939/https://www.imf.org/en/Topics/imf-and-covid19/Policy-Responses-to-COVID-19  https://web.archive.org/web/20210328144309/https://tg.usembassy.gov/u-s-citizen-services/security-and-travel-information/covid-19/  https://web.archive.org/web/20210328144337/https://www.gov.uk/foreign-travel-advice/togo/coronavirus  https://web.archive.org/web/20210328144505/https://africaworldnewspaper.com/togogovernment-to-impose-new-curfew-if-covid-19-cases-continues-to-rise/"
Togo,TGO,20210329,20210412,C1: School closing,2,0,"Schools appear to be closed locally either because of rules or because of difficulties reopening.  International Schools appear to be open, I am going to recode this to a 2T since I am unsure what/why thing remain closed.    ----------  https://web.archive.org/web/20210404180442/https://tg.usembassy.gov/u-s-citizen-services/security-and-travel-information/covid-19/  https://web.archive.org/web/20210404180521/https://www.gov.uk/foreign-travel-advice/togo/coronavirus  https://web.archive.org/web/20210404172748/https://www.imf.org/en/Topics/imf-and-covid19/Policy-Responses-to-COVID-19  https://web.archive.org/web/20210314172205if_/http://www.xinhuanet.com/english/africa/2021-03/10/c_139800489_2.htm"
Togo,TGO,20210329,20210412,C7: Restrictions on internal movement,2,0,"The curfews implemented on January 17, 2021 by the GOT in the Savanes prefectures of Tone, Kpendjal, West Kpendjal, and Tanjouare remain in effect with no end date.  ----------  https://web.archive.org/web/20210404180442/https://tg.usembassy.gov/u-s-citizen-services/security-and-travel-information/covid-19/  https://web.archive.org/web/20210404180521/https://www.gov.uk/foreign-travel-advice/togo/coronavirus  https://web.archive.org/web/20210404172748/https://www.imf.org/en/Topics/imf-and-covid19/Policy-Responses-to-COVID-19  https://web.archive.org/web/20210314172205if_/http://www.xinhuanet.com/english/africa/2021-03/10/c_139800489_2.htm"
Togo,TGO,20210329,20210404,H7: Vaccination policy,2,1,"""A,C:"" Healthcare Workers & People over 50 years old will get the AstraZeneca Vaccine.    Social distancing and Hygiene guidelines along with Mask wearing is manditory in public and in all vehicles.  ----------  https://web.archive.org/web/20210404180442/https://tg.usembassy.gov/u-s-citizen-services/security-and-travel-information/covid-19/  https://web.archive.org/web/20210404180521/https://www.gov.uk/foreign-travel-advice/togo/coronavirus  https://web.archive.org/web/20210404172748/https://www.imf.org/en/Topics/imf-and-covid19/Policy-Responses-to-COVID-19  https://web.archive.org/web/20210314172205if_/http://www.xinhuanet.com/english/africa/2021-03/10/c_139800489_2.htm"
Togo,TGO,20210403,20211115,V2: Vaccine Availability,8319,,"April 03, 2021---Launch of the vaccination of the defense and security forces throughout the country.  April 10, 2021---Launch of vaccination for populations over 30 years old in Grand-Lomé.  April 21, 2021----Launch of the vaccination of populations over 30 years old throughout the country.    http://web.archive.org/web/20211025115105/https://vaccin.covid19.gouv.tg/strategie-vaccinale/    http://web.archive.org/web/20211025121837/https://graphics.reuters.com/world-coronavirus-tracker-and-maps/vaccination-rollout-and-access/"
Togo,TGO,20210403,20211115,V3: Vaccine Financial Support,8319,,"As of 9 September, Togo has received a total of 1,629,390 doses of vaccine through various schemes and donations from bilateral partners  http://web.archive.org/web/20211025123527/https://www.gavi.org/vaccineswork/togo-leads-way-covid-19-vaccine-roll-out"
Togo,TGO,20210405,20210420,H7: Vaccination policy,4,1,"Per the US Embassy site, the AstraZeneca vaccine is not broadly availabile. Per the government of Togo's site, the top banner says anyone can register but further down, they call out medical professionals. However, because they do not seem to regularly update their site, I would assume that the vaccine is now broadly available. (I did not select ""Universal Avaialbility"" because the AstraZeneca vaccine is only for 18 years and older.)    https://web.archive.org/web/20210412163214/https://tg.usembassy.gov/u-s-citizen-services/security-and-travel-information/covid-19/  https://web.archive.org/web/20210412163359/https://vaccin.covid19.gouv.tg/"
Togo,TGO,20210413,20210420,C1: School closing,1,0,"Some schools face difficulties in reopening, but this is not mandated by government according to the sources. UNESCO school tracker says that the schools are on academic break.    https://web.archive.org/web/20210420084335/https://tg.usembassy.gov/u-s-citizen-services/security-and-travel-information/covid-19/  https://web.archive.org/web/20210420084344/https://en.unesco.org/covid19/educationresponse  https://web.archive.org/web/20210420084801/https://www.gov.uk/foreign-travel-advice/togo/coronavirus"
Togo,TGO,20210413,20210802,C3: Cancel public events,0,,"No information on public gatherings in recent sources    https://web.archive.org/web/20210420084335/https://tg.usembassy.gov/u-s-citizen-services/security-and-travel-information/covid-19/  https://web.archive.org/web/20210420084801/https://www.gov.uk/foreign-travel-advice/togo/coronavirus  "
Togo,TGO,20210413,20210420,C4: Restrictions on gatherings,0,,"No information on public gatherings in recent sources    https://web.archive.org/web/20210420084335/https://tg.usembassy.gov/u-s-citizen-services/security-and-travel-information/covid-19/  https://web.archive.org/web/20210420084801/https://www.gov.uk/foreign-travel-advice/togo/coronavirus  "
Togo,TGO,20210413,20210420,C7: Restrictions on internal movement,0,,"No restrictions on movement within the country    https://web.archive.org/web/20210420084801/https://www.gov.uk/foreign-travel-advice/togo/coronavirus"
Togo,TGO,20210413,20210522,H6: Facial Coverings,3,1,"Face masks required in all public places.    https://web.archive.org/web/20210420084801/https://www.gov.uk/foreign-travel-advice/togo/coronavirus"
Togo,TGO,20210421,20220117,C1: School closing,0,,"Per UNESCO site Togo schools are fully open to include international schools.  The US embassy site references difficulties reopening some local schools but it does not appear to be a mandate related to COVID.    -------  https://web.archive.org/web/20210502143709/https://www.imf.org/en/Topics/imf-and-covid19/Policy-Responses-to-COVID-19  https://web.archive.org/web/20210502152526/https://tg.usembassy.gov/u-s-citizen-services/security-and-travel-information/covid-19/  https://web.archive.org/web/20210502152601/https://www.gov.uk/foreign-travel-advice/togo/coronavirus"
Togo,TGO,20210421,20211115,C4: Restrictions on gatherings,3,1,"Per IMF site gathering reduced to 100 or less.    ----------  https://web.archive.org/web/20210502143709/https://www.imf.org/en/Topics/imf-and-covid19/Policy-Responses-to-COVID-19"
Togo,TGO,20210421,20210802,C7: Restrictions on internal movement,2,0,"The curfews implemented on January 17, 2021 by the GOT in the Savanes prefectures of Tone, Kpendjal, West Kpendjal, and Tanjouare remain in effect with no end date per the US Embassy Site.  --------------  https://web.archive.org/web/20210502152526/https://tg.usembassy.gov/u-s-citizen-services/security-and-travel-information/covid-19/"
Togo,TGO,20210421,20210522,H7: Vaccination policy,2,1,"""A,B:""  Per the Togo Vaccine Strategy site - Currently healthcare staff and high-risk people in the Greater Lome health region can currently receive the vaccine.  Currently it seems AstraZeneca is offered however it looks like other vaccine types will be available soon.     ----------  https://web.archive.org/web/20210502161824/https://vaccin.covid19.gouv.tg/strategie-vaccinale/  https://web.archive.org/web/20210502152640/https://www.republicoftogo.com/Toutes-les-rubriques/Sante/Differents-vaccins-une-meme-finalite  https://web.archive.org/web/20210502152647/https://www.msn.com/en-us/news/world/unicef-to-take-13-million-covid-shots-from-congo-over-planning/ar-BB1g4DV0"
Togo,TGO,20210503,20210913,C8: International travel controls,2,,"(Boarders are closed) Travelers can expect any where from 2 to 21 days quarantine pending clearance from the Ministry of Health.  -----------  https://web.archive.org/web/20210509173531/https://tg.usembassy.gov/u-s-citizen-services/security-and-travel-information/covid-19/  https://web.archive.org/web/20210509171529/https://www.imf.org/en/Topics/imf-and-covid19/Policy-Responses-to-COVID-19  https://web.archive.org/web/20210509173458/https://www.gov.uk/foreign-travel-advice/togo/coronavirus  https://web.archive.org/web/20210509173613/https://reliefweb.int/report/togo/togo-authorities-bet-digital-tools-fight-covid-19-and-protect-most-vulnerable"
Togo,TGO,20210523,20211115,H6: Facial Coverings,4,1,"Changing status to 4G as it is required by law outside of your home including in vehicles.    ---------  https://web.archive.org/web/20210606154918/https://tg.usembassy.gov/u-s-citizen-services/security-and-travel-information/covid-19/  https://web.archive.org/web/20210606154830/https://www.gov.uk/foreign-travel-advice/togo/coronavirus  https://web.archive.org/web/20210606152258/https://www.imf.org/en/Topics/imf-and-covid19/Policy-Responses-to-COVID-19  https://web.archive.org/web/20210606154612/https://www.worldbank.org/en/country/togo/overview  https://web.archive.org/web/20210606155336/https://www.republicoftogo.com/Toutes-les-rubriques/Sante"
Togo,TGO,20210523,20210828,H7: Vaccination policy,3,1,"""A,B,C:""  I was unable to find any new data that would support a change in status.    ---------  https://web.archive.org/web/20210606154918/https://tg.usembassy.gov/u-s-citizen-services/security-and-travel-information/covid-19/  https://web.archive.org/web/20210606154830/https://www.gov.uk/foreign-travel-advice/togo/coronavirus  https://web.archive.org/web/20210606152258/https://www.imf.org/en/Topics/imf-and-covid19/Policy-Responses-to-COVID-19  https://web.archive.org/web/20210606154612/https://www.worldbank.org/en/country/togo/overview  https://web.archive.org/web/20210606155336/https://www.republicoftogo.com/Toutes-les-rubriques/Sante"
Togo,TGO,20210609,20211115,V1: Vaccine Prioritisation,6965,,"*staff of COVID-19 treatment centers;  *staff of COVID-19 diagnostic laboratories;  *surveillance and investigative staff;  *staff of public, denominational and private health structures;  *nursing staff of the Togolese Armed Forces (FAT);  *nursing staff in companies;  *staff of pharmacies;  *staff at entry points (airport, port, etc.);  *Community health workers;  *Learners from health training schools.  *People aged 50 and over;  *People aged 20 to 50 who have chronic conditions and other risk factors that put them at a higher risk of death;  *People aged 20 to 50;  *Detained, displaced / refugees    http://web.archive.org/web/20211025115105/https://vaccin.covid19.gouv.tg/strategie-vaccinale/"
Togo,TGO,20210803,20211115,C2: Workplace closing,0,,"No data noted to suggest closing of work places. although public gatherings are prohibited the same is not noted for workplaces.   https://web.archive.org/web/20210523154703/https://www.imf.org/en/Topics/imf-and-covid19/Policy-Responses-to-COVID-19#T  "
Togo,TGO,20210803,20211115,C3: Cancel public events,2,1,"public events such as large festivals and ceremonies are not holding. This is according to the press release by the Togolese government on the 11th of July 2021.    https://web.archive.org/web/20210816163953/https://www.republiquetogolaise.com/sante/1107-5774-les-regroupements-pour-les-fetes-traditionnelles-demeurent-interdits-jusqu-a-nouvel-ordre    "
Togo,TGO,20210803,20210913,C7: Restrictions on internal movement,2,1,"No new information to suggest a change in status      https://web.archive.org/web/20210606154918/https://tg.usembassy.gov/u-s-citizen-services/security-and-travel-information/covid-19/  https://web.archive.org/web/20210606154830/https://www.gov.uk/foreign-travel-advice/togo/coronavirus  https://web.archive.org/web/20210606152258/https://www.imf.org/en/Topics/imf-and-covid19/Policy-Responses-to-COVID-19  https://web.archive.org/web/20210606154612/https://www.worldbank.org/en/country/togo/overview  https://web.archive.org/web/20210606155336/https://www.republicoftogo.com/Toutes-les-rubriques/Sante"
Togo,TGO,20210803,20210816,E1: Income support,1,0,"Government monetary support to informal workers in specific districts mostly women.    https://web.archive.org/web/20210816171533/https://www.imf.org/en/Topics/imf-and-covid19/Policy-Responses-to-COVID-19"
Togo,TGO,20210803,20210913,H2: Testing policy,3,,"Subsidized test available for anyone.  https://web.archive.org/web/20210816172643/https://www.republiquetogolaise.com/sante/0807-5762-le-cout-du-test-pcr-covid-19-est-desormais-a-25-000-fcfa"
Togo,TGO,20210817,20220314,E1: Income support,1,1,"The Togolese government provides cash support for the poorest and most vulnerable communities.    http://web.archive.org/web/20210828093426/https://www.worldbank.org/en/news/press-release/2021/06/23/togo-un-soutien-supplementaire-pour-accompagner-les-personnes-les-plus-touchees-par-la-pandemie-de-covid-19"
Togo,TGO,20210829,20211004,H7: Vaccination policy,4,1,"The vaccines are: CoronaVac, AstraZeneca, BioNTech and Pfizer    https://web.archive.org/web/20210913213234/https://www.republicoftogo.com/Toutes-les-rubriques/Sante/La-balle-est-dans-le-camp-de-la-population"
Togo,TGO,20210829,20211115,H8: Protection of elderly people,1,1,"Efforts to improve the lives of the elderly proposed by the minister for health in recent news update  https://web.archive.org/web/20210913224849/https://www.republiquetogolaise.com/sante/0909-5963-le-togo-se-joint-a-laction-mondiale-pour-la-sante-des-personnes-agees"
Togo,TGO,20210914,20211220,C6: Stay at home requirements,0,,"No new data    https://web.archive.org/web/20210816163953/https://www.republiquetogolaise.com/sante/1107-5774-les-regroupements-pour-les-fetes-traditionnelles-demeurent-interdits-jusqu-a-nouvel-ordre"
Togo,TGO,20210914,20211115,C7: Restrictions on internal movement,1,1,"The curfew was imposed by the government since January 17 2021     http://web.archive.org/web/20210828091451/https://tg.usembassy.gov/u-s-citizen-services/security-and-travel-information/covid-19/"
Togo,TGO,20210914,20211130,C8: International travel controls,1,,"All passengers are required to carry out a covid 19 test and self isolate until they get a negative result.    https://web.archive.org/web/20210622075730/https://www.gov.uk/foreign-travel-advice/togo/entry-requirements  "
Togo,TGO,20210914,20211115,H2: Testing policy,2,,"testing available   https://web.archive.org/web/20210816172643/https://www.republiquetogolaise.com/sante/0807-5762-le-cout-du-test-pcr-covid-19-est-desormais-a-25-000-fcfa  Add / Replace Note"
Togo,TGO,20211005,20211115,H7: Vaccination policy,5,1,"All groups qualify. AstraZeneca, Pfizer, Johnson & Johnson and Sinovac all offered. https://web.archive.org/web/20211018145602/https://tg.usembassy.gov/u-s-citizen-services/security-and-travel-information/covid-19/"
Togo,TGO,20211116,20220117,C2: Workplace closing,1,0,"Domestic Restrictions, Bars are open, and places of worship have been allowed to resume activities under strict health protocols; nightclubs remain closed. Individuals need to present proof of vaccination or a negative test to enter public buildings and hotels. Social gatherings remain restricted and may only be allowed under government approval; participants will be required to present either a negative test or proof of vaccination.   https://archive.vn/zPYfk"
Togo,TGO,20211116,20211220,C3: Cancel public events,2,0,"Places of worship have been allowed to resume activities under strict health protocols; nightclubs remain closed.  https://archive.vn/zPYfk"
Togo,TGO,20211116,20211220,C4: Restrictions on gatherings,1,1,"Social gatherings remain restricted and may only be allowed under government approval.  https://archive.vn/zPYfk"
Togo,TGO,20211116,,C7: Restrictions on internal movement,0,,"There is no restriction on internal movement"
Togo,TGO,20211116,20211130,E2: Debt/contract relief,0,,"I can't find any data for this indicator."
Togo,TGO,20211116,20211130,H1: Public information campaigns,2,0,"Humanity & Inclusion’s team drives around the streets of Togo’s capital, Lomé, broadcasting prevention messages through loudspeakers mounted on the roof of their vehicles.  https://archive.vn/ClkRR"
Togo,TGO,20211116,20211130,H2: Testing policy,1,,"Travellers departing from Lomé must undergo a COVID-19 PCR test three (3) days before departure.  All passengers travelling to Lomé must show documentary proof of a negative COVID-19 PCR test taken no more than seven (7) days prior to boarding.  https://archive.vn/8q8Z9"
Togo,TGO,20211116,20211130,H3: Contact tracing,0,,"There is no data for this particular indicator."
Togo,TGO,20211116,20211130,H6: Facial Coverings,2,0,"The use of facemasks have been mandatory in some selected public areas in Togo and on public transportation.  https://archive.vn/zPYfk"
Togo,TGO,20211116,20211130,H7: Vaccination policy,1,1,"Health care workers in Togo are among the priority groups to be vaccinated as of March 10 2021. Although there is no data to tell the order of vaccination currently.  https://archive.vn/Ht55o"
Togo,TGO,20211116,,H8: Protection of elderly people,0,,"There is no record of policies for protecting elderly people"
Togo,TGO,20211116,,V1: Vaccine Prioritisation,-3,,"22/1/22  Togo Vaccination website   https://web.archive.org/web/20220123095801/https://vaccin.covid19.gouv.tg/    US Embassy  Has the government of Togo approved a COVID-19 vaccine for use? Yes    Are vaccines available in Togo for U.S. citizens to receive? Yes    Which vaccines are available in Togo? AstraZeneca, Pfizer BioNtech, Johnson & Johnson, and Sinovac    All persons residing in Togo, regardless of nationality, have access to the vaccine. To know the procedure, please visit the official website of the government of Togo.  https://web.archive.org/web/20220104124228/https://tg.usembassy.gov/u-s-citizen-services/security-and-travel-information/covid-19/  "
Togo,TGO,20211116,20220314,V2: Vaccine Availability,17923,,"22/1/22  Togo Vaccination website. All people can register to receive a free vaccination through their mobile phone.  https://web.archive.org/web/20220123095801/https://vaccin.covid19.gouv.tg/"
Togo,TGO,20211116,20220314,V3: Vaccine Financial Support,17923,,"Free "
Togo,TGO,20211201,20211220,C8: International travel controls,3,,"All land border crossings with Ghana, Burkina Faso and Benin remain closed.   https://web.archive.org/web/20211230075345/https://tg.usembassy.gov/u-s-citizen-services/security-and-travel-information/covid-19/  As of Dec. 3, authorities have imposed a 72-hour quarantine for all travellers arriving from South Africa, at their own cost, to prevent the spread of the Omicron COVID-19 variant.  https://archive.vn/rijR6"
Togo,TGO,20211201,20220314,E2: Debt/contract relief,2,,"Support to the private sector is estimated at about 1 percent of GDP mainly because of measures that allowed for lower tax payments, including:   (i) suspension of all procedures for forced tax collections and ongoing tax prosecutions during the state of emergency;   (ii) rescheduling of submission deadlines for businesses that cannot submit their tax declarations on time;   (iii) small- and medium-sized enterprises permitted to pay taxes in tranches and enjoy more flexibility regarding outstanding taxes due; and   (iv) reduction of the standard VAT rate of 18 percent to 10 percent for firms in the hospitality and catering sectors.    http://web.archive.org/web/20220106085705/https://www.imf.org/en/Topics/imf-and-covid19/Policy-Responses-to-COVID-19"
Togo,TGO,20211201,20211220,H1: Public information campaigns,2,1,"https://archive.vn/ClkRR"
Togo,TGO,20211201,20220814,H2: Testing policy,2,,"Testing for anyone symptomatic is generally available within Togo.  https://web.archive.org/web/20211230075345/https://tg.usembassy.gov/u-s-citizen-services/security-and-travel-information/covid-19/"
Togo,TGO,20211201,20220603,H3: Contact tracing,2,,"All passengers who just arrived in Togo must install the contact tracing mobile application TOGO SAFE, and keep it activated for the entire   duration of their stay or for at least 30 days.  https://web.archive.org/web/20211230075345/https://tg.usembassy.gov/u-s-citizen-services/security-and-travel-information/covid-19/"
Togo,TGO,20211201,20220603,H6: Facial Coverings,4,1,"Face masks/cloth face coverings remain mandatory in public, including in vehicles.  https://web.archive.org/web/20211230075345/https://tg.usembassy.gov/u-s-citizen-services/security-and-travel-information/covid-19/"
Togo,TGO,20211201,,H7: Vaccination policy,5,1,"All persons residing in Togo, regardless of nationality, have access to the vaccine.   Vaccines available are: AstraZeneca, Pfizer BioNtech, Johnson & Johnson, and Sinovac  https://web.archive.org/web/20211230075345/https://tg.usembassy.gov/u-s-citizen-services/security-and-travel-information/covid-19/"
Togo,TGO,20211221,20220117,C3: Cancel public events,1,0,"Most religious services and churches remain closed, a small number are open on a trial basis.    Archived webpage: https://web.archive.org/web/20220104124228/https://tg.usembassy.gov/u-s-citizen-services/security-and-travel-information/covid-19/"
Togo,TGO,20211221,20220117,C4: Restrictions on gatherings,2,0,"Most religious services and churches remain closed, a small number are open on a trial basis.    Archived webpage: https://web.archive.org/web/20220104124228/https://tg.usembassy.gov/u-s-citizen-services/security-and-travel-information/covid-19/"
Togo,TGO,20211221,20220117,C6: Stay at home requirements,1,0,"The curfews implemented on January 17, 2021 by the GOT in the Savanes prefectures of Tone, Kpendjal, West Kpendjal, and Tanjouare remain in effect with no end date.    Archived webpage: https://web.archive.org/web/20220104124228/https://tg.usembassy.gov/u-s-citizen-services/security-and-travel-information/covid-19/"
Togo,TGO,20211221,20220414,C8: International travel controls,2,,"Travellers arriving Lome must stay home and self-isolate until they receive their COVID-19 PCR test results by SMS and email. Results may take up to 24 hours to be ready. Travelers who test positive will be confined in the Hotel until they have two negative COVID tests in succession. The traveler must bear all associated costs.    Archived webpage: https://web.archive.org/web/20220104124228/https://tg.usembassy.gov/u-s-citizen-services/security-and-travel-information/covid-19/"
Togo,TGO,20211221,20220814,H1: Public information campaigns,1,1,"22/1/22  Whilst there is a local website for the Togolese government it is not being updated regualrly. The government Facebook page is a more up to date source.  https://archive.fo/4zKhH    https://web.archive.org/web/20220123094232/https://www.facebook.com/login/?next=https%3A%2F%2Fwww.facebook.com%2FGouvTg"
Togo,TGO,20220118,20220331,C1: School closing,1,0,"22/1/22  Us Embassy website  International primary and secondary schools are open, while local schools present some difficulties in reopening.  https://web.archive.org/web/20220104124228/https://tg.usembassy.gov/u-s-citizen-services/security-and-travel-information/covid-19/"
Togo,TGO,20220118,20220426,C2: Workplace closing,2,0,"22/1/22  US Embassy website  International primary and secondary schools are open, while local schools present some difficulties in reopening.  Restaurants, bars, night clubs, are open and expected to follow social distancing and hygiene guidelines.  Stores and markets in Lomé remain open. Public communications, food, water, fuel, electricity, and sanitation services continue as normal, with only occasional internet interruptions.  Cultural Centers present a reduced number of activities.  Most religious services and churches remain closed, a small number are open on a trial basis.  Face masks/cloth face coverings remain mandatory in public, including in vehicles.  https://web.archive.org/web/20220104124228/https://tg.usembassy.gov/u-s-citizen-services/security-and-travel-information/covid-19/"
Togo,TGO,20220118,20220512,C3: Cancel public events,2,1,"22/1/22  US Embassy  International primary and secondary schools are open, while local schools present some difficulties in reopening.  Restaurants, bars, night clubs, are open and expected to follow social distancing and hygiene guidelines.  Stores and markets in Lomé remain open. Public communications, food, water, fuel, electricity, and sanitation services continue as normal, with only occasional internet interruptions.  Cultural Centers present a reduced number of activities.  Most religious services and churches remain closed, a small number are open on a trial basis.  Face masks/cloth face coverings remain mandatory in public, including in vehicles.  https://web.archive.org/web/20220104124228/https://tg.usembassy.gov/u-s-citizen-services/security-and-travel-information/covid-19/"
Togo,TGO,20220118,20220405,C4: Restrictions on gatherings,3,1,"22/1/22  gov.uk  Only 15 people may attend burials, authorisation must be obtained from the local prefet before a burial can take place  https://web.archive.org/web/20220117023226/https://www.gov.uk/foreign-travel-advice/togo/coronavirus  "
Togo,TGO,20220118,20220219,C6: Stay at home requirements,2,0,"22/1/22  US Embassy  Is a curfew in place? YES – The curfews implemented on January 17, 2021 by the GOT in the Savanes prefectures of Tone, Kpendjal, West Kpendjal, and Tanjouare remain in effect with no end date.  Are there restrictions on intercity or interstate travel? NO (Subject to change)  All land border crossings with Ghana, Burkina Faso and Benin remain closed. If you reside outside of Togo in West Africa,  please contact the U.S. Embassy in your country for assistance. For a detailed list of the flights available in country, visit our COVID-19 page.  https://web.archive.org/web/20220104124228/https://tg.usembassy.gov/u-s-citizen-services/security-and-travel-information/covid-19/"
Togo,TGO,20220220,20220426,C6: Stay at home requirements,2,1,
Togo,TGO,20220315,,E1: Income support,0,,"I cannot find any proof of the Novissi program still running"
Togo,TGO,20220315,,E2: Debt/contract relief,0,,"I cannot find any proof of the Novissi program still running"
Togo,TGO,20220315,20220724,V2: Vaccine Availability,-2,,"Togo Vaccination website. All people can register to receive a free vaccination this website.   http://web.archive.org/web/20220426123236/https://vaccin.covid19.gouv.tg/"
Togo,TGO,20220315,20220724,V3: Vaccine Financial Support,-2,,"Fully funded by government   http://web.archive.org/web/20220426123236/https://vaccin.covid19.gouv.tg/"
Togo,TGO,20220315,20220724,V4: Mandatory Vaccination,-2,,
Togo,TGO,20220401,,C1: School closing,0,,"Schools are fully open. (as of 01.01.2022 according to source listed)    http://web.archive.org/web/20220426114224/https://en.unesco.org/covid19/educationresponse          "
Togo,TGO,20220406,20220603,C4: Restrictions on gatherings,4,1,"No policy change.    https://archive.vn/fRPDL"
Togo,TGO,20220415,,C8: International travel controls,2,,"All land border crossings with Ghana, Burkina Faso and Benin remain closed.     * All passengers travelling to Lomé must show documentary proof of a negative COVID-19 PCR test within 3 days of traveling. You will be asked for the results of the test at boarding. The document containing proof of negative test results must also be uploaded as part of completing the traveller declaration form. Only passengers whose results are negative are allowed to travel.     * On arrival at Lomé Airport/LFW, all passengers will be subject to another mandatory COVID-19 PCR test at the terminal. Arrival must self-isolate until they receive COVID-19 PCR test results by SMS and email.    * All passengers who just arrived in Togo must install the contact tracing mobile application TOGO SAFE, and keep it activated for the entire duration of their stay or for at least 30 days. 	Failure to comply with the obligation to install this application will result in the traveler being placed under quarantine in a state-provided containment facility for at least 14 days. The traveler will bear all associated costs.    http://web.archive.org/web/20220426114450/https://tg.usembassy.gov/u-s-citizen-services/security-and-travel-information/covid-19/    However, as of 04.15.2022 for fully vaccinated travellers arriving in Togo, PCR test is no longer required and will not be performed upon arrival either. Must still complete travel declaration form and download contact tracing application.   http://web.archive.org/web/20220426114935/https://voyage.gouv.tg/?language=en"
Togo,TGO,20220427,20220626,C2: Workplace closing,0,,"Restaurants, bars, night clubs, are open and expected to follow social distancing and hygiene guidelines.  Stores and markets in Lomé remain open. Public communications, food, water, fuel, electricity, and sanitation services continue as normal, with only occasional internet interruptions.  Cultural Centers present a reduced number of activities.    https://archive.vn/xxTrd"
Togo,TGO,20220427,,C6: Stay at home requirements,2,0,"No policy change.    https://archive.vn/fRPDL"
Togo,TGO,20220513,20220603,C3: Cancel public events,0,,"There is no recent data on cancel public event.  Although Face masks/cloth face coverings remain mandatory in public, including in vehicles.    https://archive.vn/fRPDL"
Togo,TGO,20220604,20220626,C3: Cancel public events,2,0,"04/06/2022    Coded as 2T as certain specific events were cancelled e.g. cultural, sporting and political events while other events are open with social distancing rules e.g. restaurants, bars, nightclubs, religious services and churches etc.     'Cultural, sporting and political events are banned  In-person meetings and workshops are banned'    Website Archive: https://web.archive.org/web/20220619193324/https://www.gov.uk/foreign-travel-advice/togo/coronavirus    'Restaurants, bars, night clubs, are open and expected to follow social distancing and hygiene guidelines.  Stores and markets in Lomé remain open. Public communications, food, water, fuel, electricity, and sanitation services continue as normal, with only occasional internet interruptions.  Cultural Centers present a reduced number of activities.  Most religious services and churches remain closed, a small number are open on a trial basis.  Face masks/cloth face coverings remain mandatory in public, including in vehicles.'    Website Archive: https://web.archive.org/web/20220619192333/https://tg.usembassy.gov/u-s-citizen-services/security-and-travel-information/covid-19/"
Togo,TGO,20220604,20220626,C4: Restrictions on gatherings,3,0,"19/06/2022    'Only 15 people may attend burials, authorisation must be obtained from the local prefet before a burial can take place'    Website Archive: https://web.archive.org/web/20220619193324/https://www.gov.uk/foreign-travel-advice/togo/coronavirus  "
Togo,TGO,20220604,20220724,H3: Contact tracing,0,,"19/06/2022    No information can be found specifically about contact tracing.    Website Archive: https://web.archive.org/web/20220619192333/https://tg.usembassy.gov/u-s-citizen-services/security-and-travel-information/covid-19/  "
Togo,TGO,20220604,,H6: Facial Coverings,3,1,"19/06/2022    'The wearing of face masks in public is mandatory including for children aged 5 years old and above.'    Website Archive: https://web.archive.org/web/20220619193324/https://www.gov.uk/foreign-travel-advice/togo/coronavirus  "
Togo,TGO,20220627,20220814,C2: Workplace closing,1,1,"Restaurants, bars, night clubs, are open and expected to follow social distancing and hygiene guidelines.    https://web.archive.org/web/20220626191006/https://tg.usembassy.gov/u-s-citizen-services/security-and-travel-information/covid-19"
Togo,TGO,20220627,,C3: Cancel public events,1,1,"Cultural Centers present a reduced number of activities.  Most religious services and churches remain closed, a small number are open on a trial basis.  Cultural, sporting and political events are banned  Civil, religious and traditional marriage celebrations  Places of worship are closed    https://web.archive.org/web/20220626192007/https://www.gov.uk/foreign-travel-advice/togo/coronavirus    https://web.archive.org/web/20220626191006/https://tg.usembassy.gov/u-s-citizen-services/security-and-travel-information/covid-19"
Togo,TGO,20220627,,C4: Restrictions on gatherings,3,1,"Only 15 people may attend burials, authorisation must be obtained from the local authorities before a burial can take place    Website Archive: https://web.archive.org/web/20220626192007/https://www.gov.uk/foreign-travel-advice/togo/coronavirus"
Togo,TGO,20220725,20220814,H3: Contact tracing,1,,"In July 2020, the government launched TogoSafe, a web portal and a mobile app designed to facilitate contact tracing through digital geolocation, enable compliance with COVID-19 procedures by incoming and outgoing travelers, and to share test results through contactless means, including email and SMS alerts.  No additional information found on how exactly this contact tracing app (TogoSafe) works.    Link: https://archive.ph/oYT7U  "
Togo,TGO,20220725,20220814,V2: Vaccine Availability,42668,,"Frontline healthcare workers are prioritised, followed by caregivers. The vaccines are available to the general public and all are encouraged to avail of it.  All information can be found on the official website of the Government of Togo.    Link: https://archive.ph/Ht55o  Link: https://archive.ph/gdHS2  Link: https://archive.ph/Yx6P1"
Togo,TGO,20220725,20220814,V3: Vaccine Financial Support,42668,,"Frontline healthcare workers are prioritised, followed by caregivers. The vaccines are available to the general public and all are encouraged to avail of it.  All information can be found on the official website of the Government of Togo.    Link: https://archive.ph/Ht55o  Link: https://archive.ph/gdHS2  Link: https://archive.ph/Yx6P1"
Togo,TGO,20220725,20220814,V4: Mandatory Vaccination,42668,,"Frontline healthcare workers are prioritised, followed by caregivers. The vaccines are available to the general public and all are encouraged to avail of it. No mandatory vaccinations but most citizens are compliant.  All information can be found on the official website of the Government of Togo.    Link: https://archive.ph/Ht55o  Link: https://archive.ph/gdHS2  Link: https://archive.ph/Yx6P1"
Togo,TGO,20220815,,C2: Workplace closing,0,,"working hours are from 8am - 4pm until further notice. Restaurants and schools are currently open.  https://web.archive.org/web/20220824224913/https://travelbans.org/en/africa/togo"
Togo,TGO,20220815,,H1: Public information campaigns,2,1,"https://web.archive.org/web/20220826011641/https://covid19.gouv.tg/"
Togo,TGO,20220815,,H2: Testing policy,0,,"https://web.archive.org/web/20220826011641/https://covid19.gouv.tg/"
Togo,TGO,20220815,,H3: Contact tracing,2,,"government successfully contact traced using technology- togosafe app  https://web.archive.org/web/20220826012405/https://techcabal.com/2022/01/06/togo-technology-and-covid-19/"
Togo,TGO,20220815,,V2: Vaccine Availability,-2,,"https://web.archive.org/web/20220826080122/https://www.who.int/about/accountability/results/who-results-report-2020-mtr/country-story/2021/togo"
Togo,TGO,20220815,,V3: Vaccine Financial Support,-2,,"https://web.archive.org/web/20220826080122/https://www.who.int/about/accountability/results/who-results-report-2020-mtr/country-story/2021/togo"
Togo,TGO,20220815,,V4: Mandatory Vaccination,-2,,"https://web.archive.org/web/20220826080122/https://www.who.int/about/accountability/results/who-results-report-2020-mtr/country-story/2021/togo"
